Batch_Index,Loss,Accuracy
0,0.693147,0.656250
1,0.692741,0.906250
2,0.692422,0.875000
3,0.692333,0.781250
